graph_id,model,graph_seed,sampler,sample_frac,rep_seed,degree_JS,clustering_JS,betweenness_JS,re_avg_shortest_path_lcc,re_avg_clustering,re_avg_degree,is_pareto
ER_n1000_s0,ER,0,snowball,0.05,1,0.5290249751337669,0.1033058078252381,0.2059686009866214,0.0347363016055349,8.924654573409448,0.7388207360506529,True
ER_n1000_s0,ER,0,snowball,0.05,8,0.5414495628684978,0.0935707133148516,0.2274722275076818,0.0264261779859236,2.9020864225156977,0.7586070439256035,True
ER_n1000_s0,ER,0,random_node,0.1,3,0.6801983656270276,0.1643490286662583,0.4915498406890587,0.0745544150887464,0.0332668773046693,0.928769291650178,True
ER_n1000_s0,ER,0,random_node,0.1,5,0.6706030887078385,0.0906002004766005,0.4511724326505901,0.0422947749253008,0.6112218711588844,0.8990898298377523,True
ER_n1000_s0,ER,0,snowball,0.5,0,0.1797853626208004,0.0505377184141589,0.088662811979585,0.0831929468304082,0.0330250833112412,0.3747526711515631,True
ER_n1000_s0,ER,0,snowball,0.5,2,0.169667783579206,0.018287315703005,0.1009761673984875,0.0763185614568522,0.3674578983717122,0.3597150771666007,True
ER_n1000_s0,ER,0,snowball,0.5,9,0.1559399035839603,0.0527123674173142,0.0862321291265652,0.0588012427567553,0.0447532747002875,0.3430945785516423,True
ER_n1000_s0,ER,0,random_walk,0.5,2,0.1968643170077685,0.0868226424137578,0.1395788366724543,0.1070406347953624,0.0069337253987766,0.3791056588840523,True
ER_n1000_s0,ER,0,random_walk,0.5,4,0.2025301164794047,0.0657740900819991,0.1347315914043917,0.1148571571571646,0.0206830333143,0.3889988128215275,True
ER_n1000_s0,ER,0,preferential_random_walk,0.5,4,0.1664091789225895,0.0188604821474551,0.1354535195554778,0.0780668314061702,0.4848627009256299,0.3430945785516423,True
ER_n1000_s0,ER,0,preferential_random_walk,0.5,6,0.1523498752353058,0.0571313114116227,0.1312434678308674,0.0688383399622456,0.2981887713473712,0.329639889196676,True
ER_n1000_s0,ER,0,metropolis_hastings_rw,0.5,2,0.1980136759962872,0.0680854929502733,0.1415951598644441,0.107643998115919,0.0111541287416119,0.3779184804115552,True
BA_n1000_s0,BA,0,random_edge,0.5,3,0.1319885651316064,0.0449167866300642,0.029208778151225,0.0018406073074746,0.5643776058013471,0.164221105527638,True
BA_n1000_s0,BA,0,random_edge,0.5,5,0.0672824060333677,0.0503782976057954,0.0276187963806242,0.0098950076036084,0.458794231901977,0.1582663818092457,True
BA_n1000_s0,BA,0,random_edge,0.5,7,0.0686365511551318,0.0382811253476255,0.0333412798671828,0.001381960334785,0.3353668543009045,0.1879396984924622,True
BA_n1000_s0,BA,0,random_edge,0.5,8,0.1133000297931556,0.0374390112812251,0.024334280161789,0.0159682577725394,0.4431914947690011,0.1606030150753768,True
BA_n1000_s0,BA,0,random_walk,0.5,1,0.1199799792396704,0.0268645907963458,0.0246685416965213,0.0106017949625995,0.4277136765570479,0.1702512562814069,True
BA_n1000_s0,BA,0,random_walk,0.5,5,0.0680285586934769,0.0414982647809416,0.0318915144618337,0.0008722230410193,0.4394547205330753,0.1843216080402009,True
BA_n1000_s0,BA,0,random_walk,0.5,6,0.1190035756790908,0.0413319135277883,0.0266343204893632,0.0123959958118375,0.6180122219215274,0.1493467336683416,True
BA_n1000_s0,BA,0,random_walk,0.5,8,0.0570661689469276,0.0441599520025507,0.0246356690689545,0.0130469652353992,0.4914159983615997,0.1593969849246229,True
BA_n1000_s0,BA,0,preferential_random_walk,0.5,0,0.0502276757310777,0.0336680740545156,0.024803864454117,0.0337138994553332,0.7236161244398361,0.137286432160804,True
BA_n1000_s0,BA,0,preferential_random_walk,0.5,1,0.1095658270870015,0.0511753162745714,0.0237626562636765,0.0376815849915043,0.7796753458577734,0.1208040201005025,True
BA_n1000_s0,BA,0,preferential_random_walk,0.5,2,0.1132331082323813,0.0346228080395519,0.0206273790628384,0.0350077684335694,0.6856873098390416,0.1348743718592963,True
BA_n1000_s0,BA,0,preferential_random_walk,0.5,4,0.1340398292425275,0.0361717445571815,0.024177921317735,0.0230428428302546,0.7810635030887918,0.1553768844221105,True
BA_n1000_s0,BA,0,preferential_random_walk,0.5,5,0.1183353793382063,0.0337821842427232,0.0292988440619121,0.0303353143479224,0.7365066342155427,0.1364824120603014,True
BA_n1000_s0,BA,0,preferential_random_walk,0.5,6,0.0584919244645189,0.0489109526642662,0.0204283536030488,0.0344912968247932,0.8613923015843679,0.12964824120603,True
BA_n1000_s0,BA,0,preferential_random_walk,0.5,8,0.0608908180304182,0.0404195529022659,0.0182660692743025,0.0243743711966307,0.7569061640274584,0.1465326633165827,True
BA_n1000_s0,BA,0,preferential_random_walk,0.5,9,0.0626705738788396,0.0489209806118259,0.0235591758858472,0.0268168515131347,0.7829593334338154,0.1457286432160803,True
BA_n1000_s0,BA,0,metropolis_hastings_rw,0.5,0,0.1434480353112097,0.0433869353173953,0.0281590459656173,0.0320958813191929,0.1434349109450456,0.2438190954773868,True
BA_n1000_s0,BA,0,metropolis_hastings_rw,0.5,2,0.0660436917339411,0.0286991845011717,0.0366477670255025,0.0368920733944425,0.0082447908842142,0.2478391959798994,True
BA_n1000_s0,BA,0,metropolis_hastings_rw,0.5,7,0.0573394735226566,0.0351185719097473,0.046917674676016,0.0473533134284555,0.0171111766567678,0.2538693467336682,True
WS_n1000_s0,WS,0,snowball,0.05,6,0.5281901296463765,0.5402487937374163,0.0805062456418451,0.0574016262823712,1.2763571855350846,0.64,True
WS_n1000_s0,WS,0,snowball,0.05,8,0.485287691594447,0.4098292471480357,0.179397583916511,0.0075294715284718,0.2101108824345666,0.648,True
WS_n1000_s0,WS,0,random_walk,0.05,4,0.6905958643470158,0.5263706684776768,0.3303561181296668,0.0641426684979784,0.0007996104818678,0.768,True
WS_n1000_s0,WS,0,snowball,0.1,0,0.4524845779998112,0.4742647464694698,0.148884914323591,0.0633825094370917,0.2585973381084307,0.61,True
WS_n1000_s0,WS,0,snowball,0.1,1,0.4909761997886225,0.4318451783886141,0.1358049241247345,0.0468030402354389,0.4649553807435811,0.618,True
WS_n1000_s0,WS,0,snowball,0.1,2,0.4316851337066005,0.4435759631114156,0.1035939278021874,0.010833019928415,0.3910181061673337,0.562,True
WS_n1000_s0,WS,0,snowball,0.1,5,0.4403371296299477,0.4342318082169204,0.1414522946875803,0.0266388209361314,0.5259053012163264,0.5740000000000001,True
WS_n1000_s0,WS,0,snowball,0.1,9,0.4443511528158773,0.4227648266713454,0.1423480246379935,0.0511159426966797,0.3881388601255577,0.5660000000000001,True
WS_n1000_s0,WS,0,snowball,0.5,1,0.2798596697226502,0.1275924490229904,0.1209182579553185,0.0978550629907868,0.1337975148293081,0.3396,True
WS_n1000_s0,WS,0,snowball,0.5,3,0.2626858279633547,0.111950335686722,0.1512271424361495,0.0871803515855732,0.0075534445745627,0.3308,True
WS_n1000_s0,WS,0,random_walk,0.5,7,0.4504361411082351,0.1254206642053989,0.200843680107763,0.1886334488633556,0.0004593922865009,0.4244,True
WS_n1000_s0,WS,0,preferential_random_walk,0.5,2,0.4080312273044399,0.1148605740730205,0.1987394026590616,0.1509019111730972,0.0010595053398095,0.39,True
WS_n1000_s0,WS,0,preferential_random_walk,0.5,7,0.3760692901422969,0.120023559126926,0.1881805557117341,0.1580472780620752,0.0023534499516955,0.3896,True
WS_n1000_s0,WS,0,metropolis_hastings_rw,0.5,4,0.369887877159036,0.0856130525583049,0.201222376257554,0.1465657958386038,0.027245771393393,0.3712,True
ER_n1000_s15,ER,15,random_edge,0.05,15004,0.6666948522271711,0.14233786405752,0.4737816564690791,0.0112364830865319,1.0,0.8478173808570285,True
ER_n1000_s15,ER,15,snowball,0.05,15004,0.5284284278125668,0.0730164223516051,0.1593520367098455,0.0305702317777955,2.9141047621652896,0.7517020424509411,True
ER_n1000_s15,ER,15,snowball,0.05,15007,0.5217052402419162,0.14233786405752,0.1839430611420255,0.0320743479029881,1.0,0.7637164597517021,True
ER_n1000_s15,ER,15,snowball,0.05,15009,0.5488657306176828,0.0650121059099083,0.2476194991745262,0.017310798207502,2.9182335646570245,0.7436924309171005,True
ER_n1000_s15,ER,15,random_node,0.1,15003,0.6418241920757062,0.1423378640592227,0.4334995877563845,0.0205222008277389,1.0,0.8938726471766119,True
ER_n1000_s15,ER,15,metropolis_hastings_rw,0.3,15006,0.3793171780735972,0.1222795046052965,0.2906232298936915,0.2155438169998506,0.0001335902480718,0.5467894807101855,True
ER_n1000_s15,ER,15,random_node,0.5,15001,0.3115788941499392,0.0439707920491428,0.1715171681922272,0.2458890935308288,0.0030705808344003,0.5046055266319582,True
ER_n1000_s15,ER,15,random_edge,0.5,15004,0.201866496830344,0.0580049557728771,0.1495328118644907,0.1153423974492968,0.0235478624506307,0.3904685622747296,True
ER_n1000_s15,ER,15,snowball,0.5,15002,0.1607997651054098,0.0491514639190513,0.0881190168563398,0.0710573805649104,0.4156260140563875,0.356027232679215,True
ER_n1000_s15,ER,15,snowball,0.5,15003,0.1652191349221681,0.0500750036930655,0.1043693685525901,0.0816769226904937,0.1149878441412618,0.3660392470965158,True
ER_n1000_s15,ER,15,snowball,0.5,15004,0.1758903619301708,0.0519453961979114,0.0984120376793798,0.0868833046088081,0.0761723694708673,0.3764517420905086,True
ER_n1000_s15,ER,15,snowball,0.5,15005,0.1527326456160047,0.042178387933584,0.0984441857753389,0.0695139283366441,0.4328524252348171,0.3500200240288346,True
ER_n1000_s15,ER,15,snowball,0.5,15006,0.1594573281817776,0.0216369858514713,0.0915913118514484,0.0671704410618283,0.4824432543256411,0.3520224269122947,True
ER_n1000_s15,ER,15,snowball,0.5,15008,0.1762834301519038,0.0500257665268865,0.0922551873549956,0.0742796755677821,0.335933249885348,0.3640368442130556,True
ER_n1000_s15,ER,15,snowball,0.5,15009,0.1679957711837632,0.0197146402189543,0.0924194008016297,0.0744298359919037,0.4495376762577785,0.3648378053664396,True
ER_n1000_s15,ER,15,preferential_random_walk,0.5,15000,0.1484708254085504,0.014804257482463,0.1416105713170272,0.0650263471370758,0.3849118870161865,0.3247897476972367,True
ER_n1000_s15,ER,15,preferential_random_walk,0.5,15001,0.1816428588492627,0.0586536536529791,0.1463060577325591,0.0956344571949112,0.0127244717514394,0.3640368442130556,True
ER_n1000_s15,ER,15,preferential_random_walk,0.5,15003,0.1543660451445157,0.047805234880196,0.1449030412448051,0.0725417532820469,0.044379011541726,0.3356027232679214,True
ER_n1000_s15,ER,15,preferential_random_walk,0.5,15005,0.1726573396989471,0.0521401300346677,0.1439521382742501,0.0799488469899467,0.2368594641599399,0.3448137765318382,True
ER_n1000_s15,ER,15,preferential_random_walk,0.5,15007,0.1595235243839154,0.0512105945833062,0.1546413766279388,0.0696788586385482,0.3124460710866401,0.3271926311573888,True
BA_n1000_s15,BA,15,random_edge,0.5,15001,0.0718651276844638,0.0354289831936711,0.0313685898690736,0.007935047805968,0.4231200633295791,0.1686432160804019,True
BA_n1000_s15,BA,15,random_edge,0.5,15005,0.0863070408520974,0.0367643045096144,0.0297225992128767,0.0127257776846201,0.2546836616306701,0.2229145728643215,True
BA_n1000_s15,BA,15,random_edge,0.5,15007,0.0613320624582776,0.0289255555352052,0.0376904558703478,0.0037536265289144,0.2472318972586695,0.1670351758793969,True
BA_n1000_s15,BA,15,random_walk,0.5,15002,0.0655103968644337,0.0276817018318578,0.0237240036869138,0.0025425980828842,0.4082907471362042,0.1979899497487436,True
BA_n1000_s15,BA,15,random_walk,0.5,15003,0.05752632716008,0.0323375700602088,0.029942718884245,0.0090138652033127,0.5782172152463568,0.1606030150753768,True
BA_n1000_s15,BA,15,random_walk,0.5,15005,0.124538027942085,0.0413471127804875,0.0234677266944456,0.0117711404372212,0.4417605551533295,0.1774874371859296,True
BA_n1000_s15,BA,15,preferential_random_walk,0.5,15001,0.0585807405195954,0.0556053484965197,0.0238231482571984,0.0285637497015979,0.7687533325084966,0.1549748743718592,True
BA_n1000_s15,BA,15,preferential_random_walk,0.5,15002,0.111926411115225,0.0430974340477026,0.0316048770514647,0.0354167832926714,0.6493866317277182,0.1163819095477386,True
BA_n1000_s15,BA,15,preferential_random_walk,0.5,15003,0.0640599618533126,0.0370837384070021,0.0251621374254567,0.0248427666189447,0.72624631622906,0.1429145728643215,True
BA_n1000_s15,BA,15,preferential_random_walk,0.5,15004,0.0693805216946932,0.0341300988842004,0.0312072741780977,0.027458162641788,0.629965815160825,0.1473366834170853,True
BA_n1000_s15,BA,15,preferential_random_walk,0.5,15005,0.0613022866304694,0.046072682952525,0.0205482407967335,0.0381633506615939,0.9126858847687606,0.1312562814070351,True
BA_n1000_s15,BA,15,preferential_random_walk,0.5,15006,0.1020172161667947,0.0446301126844588,0.0240083428801694,0.0412267998783718,0.9162726455873316,0.1143718592964824,True
BA_n1000_s15,BA,15,preferential_random_walk,0.5,15008,0.0582225661630548,0.0273417721107985,0.031764983590884,0.0243314660658607,0.6545466019130284,0.1413065326633164,True
BA_n1000_s15,BA,15,preferential_random_walk,0.5,15009,0.0494874342490607,0.0463684874171825,0.019877503340586,0.0373629377538865,0.837469983737584,0.1228140703517587,True
BA_n1000_s15,BA,15,metropolis_hastings_rw,0.5,15000,0.1524543860514221,0.035327742149418,0.0330047784127366,0.051482895001637,0.0134176784042471,0.2719597989949748,True
BA_n1000_s15,BA,15,metropolis_hastings_rw,0.5,15005,0.0694333736681603,0.0280691005928581,0.0365260966884337,0.0357289486409073,0.2170945359728092,0.2369849246231155,True
BA_n1000_s15,BA,15,metropolis_hastings_rw,0.5,15007,0.0624087296162118,0.0293910253748274,0.0560558510355249,0.0422125608899621,0.0017864432691954,0.2498492462311556,True
WS_n1000_s15,WS,15,snowball,0.1,15000,0.4254472678276211,0.4087973432382812,0.1622429128257745,0.0618123769874742,0.3557256889579968,0.546,True
WS_n1000_s15,WS,15,snowball,0.1,15001,0.4315552340119551,0.3940586534166062,0.1726762166084012,0.0533107186803685,0.2300485662898718,0.58,True
WS_n1000_s15,WS,15,snowball,0.1,15003,0.3897870720082432,0.3882280535913709,0.0998582475784128,0.0164923705779737,0.5804733799975258,0.53,True
WS_n1000_s15,WS,15,snowball,0.1,15007,0.4101050959689202,0.3918026823873173,0.1803107017946107,0.0265193086204759,0.4616474532537764,0.524,True
WS_n1000_s15,WS,15,snowball,0.1,15008,0.397046691477142,0.3678972347115785,0.1629628192158458,0.009724603109817,0.4823838613090215,0.542,True
WS_n1000_s15,WS,15,snowball,0.2,15007,0.3543246374967691,0.3158206837970768,0.1753215326629368,0.0643373256585231,0.1433579273039597,0.489,True
WS_n1000_s15,WS,15,snowball,0.5,15000,0.2651067492651264,0.1243791177374138,0.1193439689807491,0.1018689879009741,0.131023808327189,0.34,True
WS_n1000_s15,WS,15,snowball,0.5,15001,0.2445544935568744,0.1198780523132369,0.1216379160166132,0.0862159518078359,0.1180898468754893,0.32,True
WS_n1000_s15,WS,15,snowball,0.5,15003,0.2409377424665568,0.1285354188262564,0.1260864733228344,0.074080576597673,0.015366267092378,0.3179999999999999,True
WS_n1000_s15,WS,15,snowball,0.5,15004,0.2443030924259376,0.1130432678500887,0.1277329387739953,0.0841297680665131,0.0532159410203505,0.3136,True
WS_n1000_s15,WS,15,snowball,0.5,15006,0.2410076064931978,0.1037708104167028,0.1324588044300349,0.0826561233811532,0.0236587235506617,0.3236,True
WS_n1000_s15,WS,15,snowball,0.5,15007,0.2461142538885382,0.1224343878397575,0.1305483327949812,0.0792472103740554,0.004332840686122,0.3328,True
WS_n1000_s15,WS,15,snowball,0.5,15009,0.2528777485580016,0.1158565231878501,0.121832270743986,0.0883553998148946,0.0702159332253246,0.3292,True
WS_n1000_s15,WS,15,random_walk,0.5,15000,0.3857799594345426,0.1099819529835878,0.1846762151814384,0.1706264969328061,0.0102883810875443,0.3984,True
WS_n1000_s15,WS,15,random_walk,0.5,15003,0.3652698052670963,0.1090058019977479,0.1878531775896511,0.1597561480338708,0.0076372295035233,0.3868,True
WS_n1000_s15,WS,15,preferential_random_walk,0.5,15003,0.3960931433088415,0.0952720221966709,0.1925745457219995,0.1669002176756986,0.0045399589775632,0.4008,True
WS_n1000_s15,WS,15,preferential_random_walk,0.5,15006,0.3661330974168619,0.1183262212276849,0.1831618160018181,0.165746158584754,0.0029441556136274,0.3888,True
WS_n1000_s15,WS,15,preferential_random_walk,0.5,15007,0.3634340380805669,0.0977514610460257,0.1750831315830392,0.1350548447988464,0.0308653305305262,0.376,True
WS_n1000_s15,WS,15,preferential_random_walk,0.5,15009,0.3472826747249738,0.0953460350198348,0.1713998110586074,0.1321852324823246,0.0380000968643181,0.3687999999999999,True
WS_n1000_s15,WS,15,metropolis_hastings_rw,0.5,15002,0.3628635764592968,0.0917781743315301,0.17093894000837,0.1584112253240394,0.190093790550082,0.3703999999999999,True
WS_n1000_s15,WS,15,metropolis_hastings_rw,0.5,15003,0.3272025729677484,0.0901406738517626,0.1940822089251906,0.1279063364682072,0.1272567507676641,0.3476,True
WS_n1000_s15,WS,15,metropolis_hastings_rw,0.5,15007,0.391056303603149,0.089991178592424,0.1896714173071887,0.1661367632001506,0.0812498980267786,0.3852,True
ER_n1000_s45,ER,45,snowball,0.05,45004,0.5368472073891427,0.1063597106275159,0.1615803694958714,0.0257079445307028,9.720272439791584,0.7474443776307877,True
ER_n1000_s45,ER,45,snowball,0.05,45006,0.5481762813770232,0.1257831409636652,0.1695671861238763,0.0527595826282157,1.0,0.7634796552415314,True
ER_n1000_s45,ER,45,random_node,0.1,45002,0.6736564002898988,0.1257831409655908,0.5059276640702807,0.0317628709748162,1.0,0.9238324313489678,True
ER_n1000_s45,ER,45,snowball,0.1,45008,0.477769783282933,0.0844668517393449,0.0668410795628991,0.0386543747724699,5.665985383359871,0.7073561836039286,True
ER_n1000_s45,ER,45,random_edge,0.5,45004,0.2135404788534018,0.0682466479099495,0.1448159252608516,0.105590919877358,0.0443120135072864,0.3746721829942039,True
ER_n1000_s45,ER,45,snowball,0.5,45002,0.1880664861359335,0.0526004501432467,0.1029211735854853,0.0836182875257506,0.1432802158269825,0.3726197634796552,True
ER_n1000_s45,ER,45,snowball,0.5,45008,0.188410728345011,0.0407348297178825,0.0936408939505457,0.0785047689615264,0.0510807663013774,0.3714171176588494,True
ER_n1000_s45,ER,45,snowball,0.5,45009,0.1901809533389249,0.0194888529979926,0.0991552915848692,0.0882226678779527,0.2512275511433544,0.380637402285027,True
ER_n1000_s45,ER,45,random_walk,0.5,45009,0.2046035475205419,0.0568602976438884,0.1553008575149115,0.1018292021238828,0.0093266689190361,0.3694127079575065,True
ER_n1000_s45,ER,45,preferential_random_walk,0.5,45006,0.1724500872986938,0.0663801417412049,0.1483747669559001,0.0721048770403568,0.1268234799561245,0.3357386249749448,True
BA_n1000_s45,BA,45,random_edge,0.5,45000,0.0763007004515699,0.0502443958727361,0.0249094979577676,0.0024836022306526,0.4494324565104143,0.1911557788944723,True
BA_n1000_s45,BA,45,random_edge,0.5,45002,0.1315888686878214,0.035038594107792,0.0260787299487505,0.0085940975700696,0.3494948882159939,0.1606736276191334,True
BA_n1000_s45,BA,45,random_edge,0.5,45003,0.0542295653070633,0.0436381510287733,0.0232309283305813,0.0064617763067889,0.4193408184868186,0.1706532663316581,True
BA_n1000_s45,BA,45,random_edge,0.5,45004,0.0733024976949097,0.0365911591786628,0.0303186291699161,0.0094509199977562,0.3497572160299675,0.2036180904522612,True
BA_n1000_s45,BA,45,random_edge,0.5,45005,0.0730648657709784,0.0337866602509778,0.0256683513137916,0.0020402268032239,0.4248981660464564,0.2016080402010049,True
BA_n1000_s45,BA,45,random_edge,0.5,45006,0.12133090582824,0.0374857337522886,0.0282768588221616,0.0124586049310187,0.4076959910665578,0.1481407035175878,True
BA_n1000_s45,BA,45,random_edge,0.5,45008,0.1332727927559511,0.0385434709300696,0.0271987948840652,0.0061203415816024,0.3869993723521354,0.1719074413986098,True
BA_n1000_s45,BA,45,random_edge,0.5,45009,0.055893623257957,0.0376885919075747,0.0258166459021485,0.0161411951149709,0.4288219612113582,0.1462301527598069,True
BA_n1000_s45,BA,45,random_walk,0.5,45000,0.0612091825122091,0.044967680007282,0.0237678732074156,0.0086202045386385,0.3240098075087076,0.1674371859296481,True
BA_n1000_s45,BA,45,random_walk,0.5,45004,0.058832554193588,0.037739562559034,0.0242456386985594,0.0040561933958605,0.1798144749038051,0.1939698492462311,True
BA_n1000_s45,BA,45,random_walk,0.5,45005,0.1203185923890003,0.0455649488253642,0.0273675100335833,0.0056231342042521,0.3995640730892388,0.1774874371859296,True
BA_n1000_s45,BA,45,random_walk,0.5,45006,0.053911620484483,0.0396962272656025,0.025311142987082,0.0151277446996696,0.3849656989478401,0.1549748743718592,True
BA_n1000_s45,BA,45,random_walk,0.5,45007,0.0499865289338525,0.0557941761637291,0.0332885991165068,0.0063246905784896,0.4116505952656693,0.1630150753768844,True
BA_n1000_s45,BA,45,random_walk,0.5,45008,0.0667480951719869,0.0323323661590751,0.0288612876198297,0.0023599562796376,0.3650572859872991,0.1823115577889447,True
BA_n1000_s45,BA,45,preferential_random_walk,0.5,45000,0.1080145563675222,0.0492316856791366,0.0243655748317978,0.0381930904748896,0.5660029198623024,0.1135678391959798,True
BA_n1000_s45,BA,45,preferential_random_walk,0.5,45001,0.0492255592086881,0.0506335795323577,0.0244781728163943,0.0264628528612011,0.5207430841620556,0.1268341708542712,True
BA_n1000_s45,BA,45,preferential_random_walk,0.5,45002,0.0443350760369345,0.0446824307735799,0.0255351298159393,0.0332311247015466,0.6005973780047982,0.1288442211055276,True
BA_n1000_s45,BA,45,preferential_random_walk,0.5,45003,0.0552348854909782,0.0457659946190723,0.02839099172126,0.0339622485858094,0.8356790905584469,0.1216080402010049,True
BA_n1000_s45,BA,45,preferential_random_walk,0.5,45004,0.0641167077346027,0.0433965632178705,0.0242284196374873,0.0242856089411536,0.5685170539713816,0.1457286432160803,True
BA_n1000_s45,BA,45,preferential_random_walk,0.5,45005,0.1140353181877736,0.041163072180912,0.0230326021209453,0.0342122284432964,0.6716725976972765,0.1268341708542712,True
BA_n1000_s45,BA,45,preferential_random_walk,0.5,45006,0.062754267107856,0.0416158021711077,0.02371902700905,0.0287852463759185,0.6544059461445172,0.1453266331658291,True
BA_n1000_s45,BA,45,preferential_random_walk,0.5,45007,0.0519235390988027,0.0389306142552718,0.0206967731511695,0.032706973387461,0.7708662154955093,0.1268341708542712,True
BA_n1000_s45,BA,45,preferential_random_walk,0.5,45008,0.050918833834661,0.0325186882885211,0.0234885602373559,0.0325913913028165,0.5391289791112379,0.1268341708542712,True
BA_n1000_s45,BA,45,preferential_random_walk,0.5,45009,0.1260984121164898,0.0403828230754531,0.0261407963601807,0.0249952291817617,0.6650338101617519,0.140502512562814,True
BA_n1000_s45,BA,45,metropolis_hastings_rw,0.5,45000,0.1312833220403688,0.0371109484073622,0.0421298443801114,0.0399780301211885,0.01996439500116,0.2450251256281407,True
BA_n1000_s45,BA,45,metropolis_hastings_rw,0.5,45004,0.0602391047522344,0.0284163428857198,0.0314729946826849,0.0370078393413705,0.0450601181593666,0.2438190954773868,True
BA_n1000_s45,BA,45,metropolis_hastings_rw,0.5,45007,0.06866385288879,0.036854477057104,0.0405170277029093,0.0327796854077472,0.1822186274373363,0.2393969849246231,True
BA_n1000_s45,BA,45,metropolis_hastings_rw,0.5,45009,0.1213054473169527,0.0370076789840422,0.0297804613453981,0.0137516487287143,0.060998934227693,0.2024120603015075,True
WS_n1000_s45,WS,45,snowball,0.05,45000,0.5821421244429464,0.6030115202890485,0.0526878436963639,0.2865054702834408,1.274153692199669,0.648,True
WS_n1000_s45,WS,45,snowball,0.05,45002,0.5191641243094274,0.5145486462055492,0.1781579974449794,0.0086321081993136,0.90672601700907,0.596,True
WS_n1000_s45,WS,45,snowball,0.05,45006,0.4051068985682154,0.5467614245092736,0.2283991826934488,0.014068256997154,0.8095715302578153,0.536,True
WS_n1000_s45,WS,45,snowball,0.05,45009,0.5023734358164689,0.5397058313758664,0.0645892945732993,0.0843486868637491,1.4336435242469143,0.604,True
WS_n1000_s45,WS,45,preferential_random_walk,0.05,45003,0.6832569863007827,0.4698657232248373,0.3535606846573909,0.0131313625087073,0.061673035835371,0.712,True
WS_n1000_s45,WS,45,preferential_random_walk,0.05,45005,0.6931471803255091,0.551334323895451,0.2451056831813144,0.0002136277693246,0.2941309004986453,0.78,True
WS_n1000_s45,WS,45,snowball,0.1,45001,0.3989632689356879,0.3801645629284135,0.138952828870505,0.0413256470236995,0.5178161627109404,0.528,True
WS_n1000_s45,WS,45,snowball,0.1,45003,0.3912608898342097,0.3387827879543004,0.1805721212637873,0.0053946710995895,0.2484189350275996,0.5519999999999999,True
WS_n1000_s45,WS,45,snowball,0.1,45004,0.4209119822017093,0.4029158290228722,0.1196464314426458,0.0492853952003354,0.4134430618103427,0.5559999999999999,True
WS_n1000_s45,WS,45,snowball,0.1,45005,0.3792436618535142,0.4415833715100932,0.2009781757342699,0.0552271790505004,0.0070534548183648,0.5599999999999999,True
WS_n1000_s45,WS,45,preferential_random_walk,0.3,45007,0.5803885335213017,0.307111889303935,0.3283805567229798,0.4375929214304322,3.401603808452001e-05,0.5860000000000001,True
WS_n1000_s45,WS,45,snowball,0.5,45000,0.2585833894939931,0.1042317680075959,0.137048023568342,0.0821645089985993,0.0276496403496714,0.3304,True
WS_n1000_s45,WS,45,snowball,0.5,45005,0.2470488153195979,0.1089785662818715,0.1405562485301938,0.0884612451800258,0.1356260047451421,0.3203999999999999,True
WS_n1000_s45,WS,45,snowball,0.5,45006,0.241382187136673,0.1203121542071753,0.1305059008807815,0.0921645534605185,0.1218518980877583,0.3212,True
WS_n1000_s45,WS,45,snowball,0.5,45008,0.2386307396366713,0.1110670638022987,0.1508444746405176,0.0983878907390883,0.1467134176978856,0.3188,True
WS_n1000_s45,WS,45,snowball,0.5,45009,0.2461296923950935,0.1255038084602012,0.1402753551534572,0.0834056177196294,0.1401580207405154,0.3136,True
WS_n1000_s45,WS,45,random_walk,0.5,45000,0.4268080986610675,0.0997725567396846,0.1919942507547625,0.1910840324194586,0.0076781650908191,0.418,True
WS_n1000_s45,WS,45,metropolis_hastings_rw,0.5,45001,0.390724822127403,0.0961411798259498,0.1940250151897508,0.1674273436078543,0.0131580437204511,0.3952,True
WS_n1000_s45,WS,45,metropolis_hastings_rw,0.5,45002,0.3770689605448724,0.1017970693770009,0.1880079457166574,0.1447893425995328,0.0193498703831281,0.382,True
WS_n1000_s45,WS,45,metropolis_hastings_rw,0.5,45003,0.3508265521634543,0.0894795844945355,0.1932900359429876,0.1618512511999292,0.0650106684710458,0.3748,True
WS_n1000_s45,WS,45,metropolis_hastings_rw,0.5,45004,0.3754323732610352,0.0950572098693328,0.181023639905024,0.1548294228266465,0.0594272129164633,0.3783999999999999,True
WS_n1000_s45,WS,45,metropolis_hastings_rw,0.5,45006,0.4098243850144931,0.094249569370726,0.2040645970744402,0.1763330771544567,0.0175220338647805,0.4011999999999999,True
WS_n1000_s45,WS,45,metropolis_hastings_rw,0.5,45007,0.3876179815529604,0.0968188438830742,0.2006884994901221,0.1632458303542048,0.0302700696655157,0.3863999999999999,True
ER_n5000_s0,ER,0,random_edge,0.05,1,0.6518829437876279,0.0344816616909475,0.0611240614501027,1.0922458470252183,1.0,0.8491483277894686,True
ER_n5000_s0,ER,0,random_edge,0.05,3,0.6691401213290193,0.0344816616909475,0.3249642473248085,0.0581306527383276,1.0,0.8602055184227012,True
ER_n5000_s0,ER,0,random_node,0.1,2,0.6665614607121108,0.0344816616914193,0.4552277721892247,0.0500851383620012,1.0,0.9044484973435888,True
ER_n5000_s0,ER,0,random_node,0.3,9,0.5143539338292753,0.0135912999109936,0.1911045750868211,0.660913789116175,0.0259992820384417,0.6988079190125023,True
ER_n5000_s0,ER,0,snowball,0.5,0,0.1765497619121927,0.0134863028810526,0.0709810037586547,0.1105734660210545,0.0710375686740331,0.3709459995242249,True
ER_n5000_s0,ER,0,snowball,0.5,5,0.1737230913506576,0.0107372583800054,0.0679512175367643,0.1062794939827361,0.2591462207160958,0.3668226151772263,True
ER_n5000_s0,ER,0,snowball,0.5,7,0.1774921444790629,0.0134469909468223,0.0754904584553886,0.1122086719087277,0.0382576679564753,0.3703116327016097,True
ER_n5000_s0,ER,0,random_walk,0.5,4,0.2049788515781825,0.0190524045194976,0.1124251311537461,0.1448180517370859,0.0103401705047812,0.3799857267464911,True
ER_n5000_s0,ER,0,preferential_random_walk,0.5,1,0.1744461761476256,0.0035909816785399,0.1056977611241818,0.1172656749159842,0.5716829767106948,0.3501704860835778,True
ER_n5000_s0,ER,0,preferential_random_walk,0.5,7,0.1746707444991652,0.0166063345270591,0.1041878429920432,0.1174624583995119,0.0261596104646801,0.3511220363175006,True
ER_n5000_s0,ER,0,preferential_random_walk,0.5,8,0.1758376182372454,0.0147249676861252,0.1004973448307905,0.117317438936917,0.0152893431657515,0.3513599238759813,True
ER_n5000_s0,ER,0,preferential_random_walk,0.5,9,0.173128811656343,0.0031058078626378,0.1012200153413157,0.1173084860402148,0.4245877270605023,0.3517564031401158,True
ER_n5000_s0,ER,0,metropolis_hastings_rw,0.5,3,0.222922650199881,0.004184664432739,0.1089261390570133,0.1591736146492245,0.0582411431034365,0.3941003885496789,True
BA_n5000_s0,BA,0,random_edge,0.5,0,0.0267926960156403,0.0138996344202546,0.0069711229532797,0.0002461981843477,0.6982852252560526,0.1742942942942943,True
BA_n5000_s0,BA,0,random_edge,0.5,2,0.0261989642822218,0.010137809184507,0.006705214988832,0.0010439450802033,0.5441619176390762,0.1775775775775776,True
BA_n5000_s0,BA,0,random_edge,0.5,3,0.0266465577468631,0.0110378712846314,0.0067874067106125,0.0028895586328881,0.5304405949587542,0.1634034034034034,True
BA_n5000_s0,BA,0,random_edge,0.5,4,0.0267648150710029,0.0119160897154917,0.0073476250858137,0.0006597899115717,0.546143129874549,0.1719719719719719,True
BA_n5000_s0,BA,0,random_edge,0.5,6,0.0274157547942257,0.0151530113624618,0.0063321236577936,0.0035709160079909,0.7591880485724279,0.1732636274819401,True
BA_n5000_s0,BA,0,random_edge,0.5,7,0.0259356114416221,0.0122373967871835,0.0072686086592462,0.0001186764250984,0.5894581618162966,0.1721321321321321,True
BA_n5000_s0,BA,0,random_edge,0.5,8,0.0275940907656695,0.0110085119365626,0.0076357812774544,0.0002163162120224,0.5992996605163318,0.1745345345345346,True
BA_n5000_s0,BA,0,random_edge,0.5,9,0.025752737932391,0.0105964370680821,0.0067393953042209,0.000851201059377,0.5610094754994089,0.1728528528528529,True
BA_n5000_s0,BA,0,snowball,0.5,0,0.0333768126283857,0.026532815416714,0.0025900936584152,0.0481611167611528,1.6777566703411668,0.1803003003003002,True
BA_n5000_s0,BA,0,snowball,0.5,3,0.0373072137744234,0.0299615753105052,0.0040129781800893,0.0473006454775679,1.848543437895052,0.1762162162162162,True
BA_n5000_s0,BA,0,snowball,0.5,4,0.0325914135952594,0.0276071108812066,0.0036297802394237,0.0513478487076495,1.6944166533857992,0.1652452452452452,True
BA_n5000_s0,BA,0,snowball,0.5,6,0.0333940989769225,0.0347232769520207,0.002859395177449,0.0703901587004297,2.0645384566570035,0.1668468468468468,True
BA_n5000_s0,BA,0,snowball,0.5,9,0.0420665869137534,0.0380572553664942,0.0028214397576867,0.0826263175414995,2.2278109385258986,0.177097097097097,True
BA_n5000_s0,BA,0,random_walk,0.5,2,0.1239349836703175,0.0097998682916903,0.0063692734758429,0.0088324759512397,0.4296169347060587,0.1908708708708709,True
BA_n5000_s0,BA,0,random_walk,0.5,5,0.0243100676095137,0.0110972230286125,0.0063832262822821,0.0001596052242966,0.561096072639761,0.1751751751751751,True
BA_n5000_s0,BA,0,random_walk,0.5,7,0.0268721053147926,0.0097917964368656,0.0077756908510271,0.0064859795695699,0.4770674918208969,0.1840640640640641,True
BA_n5000_s0,BA,0,random_walk,0.5,9,0.0257637780501932,0.0121118913563256,0.0060742017970716,0.002990713945968,0.5819337198379871,0.185105105105105,True
BA_n5000_s0,BA,0,preferential_random_walk,0.5,0,0.0232532299630057,0.0165757162469962,0.0047459483769751,0.0252680104337916,0.9219020387741226,0.1421021021021022,True
BA_n5000_s0,BA,0,preferential_random_walk,0.5,1,0.0220895672268776,0.0177649726293893,0.0057873598056055,0.0254015079138703,0.9430837828547484,0.1398598598598598,True
BA_n5000_s0,BA,0,preferential_random_walk,0.5,2,0.0220690601123226,0.0126298888577496,0.0051792982055015,0.0207404753141957,0.8089870356841706,0.1441841841841842,True
BA_n5000_s0,BA,0,preferential_random_walk,0.5,3,0.0207954197444068,0.0148779975087888,0.0059471950413016,0.0222186615489144,0.8138436763107336,0.1416216216216216,True
BA_n5000_s0,BA,0,preferential_random_walk,0.5,4,0.0220917983234301,0.0146863393575328,0.0054140426286631,0.0275677196228416,0.8221720611053619,0.1413013013013013,True
BA_n5000_s0,BA,0,preferential_random_walk,0.5,6,0.0221694158322573,0.0166695754865642,0.0053595986290489,0.024248785390113,0.9062687668482132,0.144024024024024,True
BA_n5000_s0,BA,0,preferential_random_walk,0.5,7,0.0230786455607825,0.0163071434477138,0.0062561276488422,0.0235034013312114,0.8468713908061563,0.1371371371371372,True
BA_n5000_s0,BA,0,preferential_random_walk,0.5,8,0.022172515067968,0.0140189913399943,0.0050185739098114,0.0272290264318724,0.8095650067498426,0.1336936936936936,True
BA_n5000_s0,BA,0,preferential_random_walk,0.5,9,0.0217269613771558,0.0158439059956994,0.0054618090572179,0.02479248926428,0.8358376709810506,0.1411411411411411,True
BA_n5000_s0,BA,0,metropolis_hastings_rw,0.5,0,0.0373833769818485,0.0115497201806957,0.0079558465955851,0.0608246347370337,0.0582299793597963,0.2665465465465465,True
BA_n5000_s0,BA,0,metropolis_hastings_rw,0.5,1,0.0209826860906651,0.0095782862226816,0.0076930299093827,0.0503074756723632,0.081081082957881,0.2513313313313314,True
BA_n5000_s0,BA,0,metropolis_hastings_rw,0.5,5,0.0313440177421376,0.0113083837547246,0.0083408773260952,0.0535267724927253,0.0833146662578035,0.2511711711711711,True
BA_n5000_s0,BA,0,metropolis_hastings_rw,0.5,7,0.0353004270385448,0.0127652908405256,0.0074108913766971,0.0752184014993773,0.1417938720643435,0.2727127127127127,True
BA_n5000_s0,BA,0,metropolis_hastings_rw,0.5,9,0.0339823749385731,0.0134954192559374,0.0063736202305196,0.0660722976355163,0.0398201376977713,0.2727927927927928,True
WS_n5000_s0,WS,0,random_edge,0.05,0,0.6931471803231557,0.6303437073449201,0.4403175324766825,0.004069951726587,0.5753216566795959,0.8525896414342629,True
WS_n5000_s0,WS,0,random_walk,0.05,2,0.6760045787193716,0.5632065931571386,0.0937441336693371,1.2152796275087892,0.032359275106604,0.7624000000000001,True
WS_n5000_s0,WS,0,random_node,0.1,4,0.6922565918576573,0.6338006466873356,0.5061617252669728,0.0041176623443929,0.6828100409326027,0.892,True
WS_n5000_s0,WS,0,random_edge,0.1,1,0.6922565918694271,0.6104005517533149,0.0635605488268253,2.749783149692306,0.4808571242148499,0.8124,True
WS_n5000_s0,WS,0,snowball,0.5,2,0.2479987959938997,0.1027197272975681,0.082393676758621,0.1204001548863201,0.1052479185339888,0.32144,True
WS_n5000_s0,WS,0,snowball,0.5,6,0.2410551030385704,0.1125291850658334,0.0910667267804292,0.1169247000533453,0.0529997624316654,0.3228799999999999,True
WS_n5000_s0,WS,0,snowball,0.5,9,0.2486496541430088,0.1001981505669903,0.0937891995905544,0.1178387653851099,0.0975555719782657,0.32048,True
WS_n5000_s0,WS,0,preferential_random_walk,0.5,5,0.3915642524126085,0.1065553065259786,0.1288039197852855,0.2070626495761233,0.0192784605563925,0.40288,True
WS_n5000_s0,WS,0,preferential_random_walk,0.5,6,0.4025715336056366,0.1020338225431006,0.1220610970481977,0.2040802760834422,0.0398127575033539,0.40112,True
WS_n5000_s0,WS,0,preferential_random_walk,0.5,8,0.4017707366489071,0.1131780297808781,0.1332269409474172,0.2008290252233355,0.0031242840639509,0.39664,True
WS_n5000_s0,WS,0,preferential_random_walk,0.5,9,0.3991212484520803,0.1040660865496399,0.1274229383349721,0.1922231160250044,0.0001933183437978,0.3976,True
WS_n5000_s0,WS,0,metropolis_hastings_rw,0.5,2,0.3602782438564083,0.0856932289783542,0.1214920794684149,0.1820795348893994,0.055233856793488,0.37576,True
WS_n5000_s0,WS,0,metropolis_hastings_rw,0.5,3,0.3482374731555081,0.0864396809803393,0.1266144881490264,0.1834412808270078,0.0800376420294326,0.36696,True
WS_n5000_s0,WS,0,metropolis_hastings_rw,0.5,5,0.3801758796499557,0.0971030925866157,0.1242957184807863,0.197303398693302,0.0479508699608951,0.3834399999999999,True
WS_n5000_s0,WS,0,metropolis_hastings_rw,0.5,7,0.3646942653601402,0.0865143501655898,0.128965670402519,0.1919151788450286,0.0360655965543398,0.37712,True
WS_n5000_s0,WS,0,metropolis_hastings_rw,0.5,8,0.3592724287005058,0.0933848551275639,0.1349551990438413,0.1907991663470612,0.0495954921226539,0.37936,True
ER_n5000_s15,ER,15,random_edge,0.05,15002,0.6498278481883498,0.0304022763962478,0.0620130008343728,1.375927581577094,1.0,0.840698661707031,True
ER_n5000_s15,ER,15,snowball,0.05,15007,0.5170602010208045,0.025375186337911,0.0450256602106333,0.063635540029174,17.951526312303532,0.7557918570331136,True
ER_n5000_s15,ER,15,snowball,0.1,15007,0.482947375687336,0.0169363057680998,0.0542528498417221,0.1688864183273974,8.230581455644074,0.7137427728136498,True
ER_n5000_s15,ER,15,random_edge,0.2,15002,0.5175672601294747,0.0115490794747542,0.2792374208583068,0.6534624213487226,0.0169174871786742,0.6902923219989487,True
ER_n5000_s15,ER,15,random_node,0.3,15008,0.5064693503190978,0.0092827216850015,0.1774259725771477,0.709289343682203,0.0097109254367616,0.7088909554037116,True
ER_n5000_s15,ER,15,random_edge,0.3,15004,0.418877235241421,0.007233118728386,0.2273070066425639,0.3827802907464492,0.0179250487370964,0.590830065095217,True
ER_n5000_s15,ER,15,random_node,0.5,15003,0.2993978862625241,0.0195085443344823,0.1110943242931292,0.2770798225959394,0.00116849443375,0.5009097157643634,True
ER_n5000_s15,ER,15,snowball,0.5,15000,0.1538574076427453,0.003541111241587,0.0730074665403849,0.0996534459083164,0.8354202188358857,0.3502607851857842,True
ER_n5000_s15,ER,15,snowball,0.5,15001,0.1571897387113503,0.0020969249566548,0.0713695459778945,0.100141342870772,0.5693683793996533,0.3538187846197388,True
ER_n5000_s15,ER,15,snowball,0.5,15002,0.1593091888145417,0.0103085216695802,0.0679973602632194,0.0993454917421448,0.122804260170319,0.3557595115837141,True
ER_n5000_s15,ER,15,snowball,0.5,15006,0.156580413446625,0.002540461969713,0.0637512034828885,0.0950955142618699,0.27489509763219,0.3521206485262604,True
ER_n5000_s15,ER,15,snowball,0.5,15008,0.1579662897205213,0.0105485232335296,0.0738978609507658,0.1013969849954696,0.0533431994919866,0.353091012008248,True
ER_n5000_s15,ER,15,snowball,0.5,15009,0.1543594578623746,0.0113966605179284,0.065961421242776,0.0953017862105723,0.1694732016014332,0.3515546031617677,True
ER_n5000_s15,ER,15,random_walk,0.5,15000,0.1993926270884571,0.0016330159570236,0.1024504912656895,0.1515876182896596,0.1852360305823197,0.3855173250313347,True
ER_n5000_s15,ER,15,preferential_random_walk,0.5,15001,0.1720682862204062,0.0169968998582772,0.1059355532327656,0.1199191571656325,0.0460375734168657,0.3514737395382686,True
ER_n5000_s15,ER,15,preferential_random_walk,0.5,15002,0.1660396709381715,0.0164311444527896,0.0956851067060906,0.1165296766317576,0.3902416920615635,0.3475114219868193,True
ER_n5000_s15,ER,15,preferential_random_walk,0.5,15003,0.1617314320437433,0.0112524349459069,0.1025725041789127,0.111829063616477,0.2729554873312341,0.3420935592123883,True
ER_n5000_s15,ER,15,preferential_random_walk,0.5,15005,0.1430972466770188,0.0128332957643568,0.095969269760972,0.0961590181853289,0.0543371759857586,0.3237375166781223,True
ER_n5000_s15,ER,15,preferential_random_walk,0.5,15006,0.1669814824023255,0.0126586372482546,0.0989631809337913,0.1162481614806919,0.1766988336653254,0.3460558767638378,True
ER_n5000_s15,ER,15,preferential_random_walk,0.5,15007,0.1582346499798732,0.0126120941458917,0.1030529918226741,0.1086712451454953,0.2377039180015123,0.3390207415194274,True
ER_n5000_s15,ER,15,preferential_random_walk,0.5,15008,0.1618827548114669,0.0125597417154564,0.0982725470285305,0.1122376373308206,0.2901361733735836,0.3422552864593862,True
BA_n5000_s15,BA,15,random_edge,0.5,15000,0.0288536051343903,0.0104956265683332,0.008055150967873,0.0004583618945312,0.7068529040841925,0.1754954954954954,True
BA_n5000_s15,BA,15,random_edge,0.5,15001,0.024718504679074,0.008661031414482,0.0100970733384508,0.0024535808292116,0.6193327829593602,0.1617217217217217,True
BA_n5000_s15,BA,15,random_edge,0.5,15002,0.023355162595379,0.0106714448929286,0.0081298592347722,0.0028099554825031,0.672266517895586,0.1710910910910912,True
BA_n5000_s15,BA,15,random_edge,0.5,15003,0.0281048833884329,0.0082857584849054,0.0096492082003793,0.002450322207956,0.5625317528394205,0.1766166166166166,True
BA_n5000_s15,BA,15,random_edge,0.5,15004,0.0261159919684986,0.0080871392445705,0.0099889096970253,0.0028188754918663,0.5423925598890552,0.1755850212467564,True
BA_n5000_s15,BA,15,random_edge,0.5,15009,0.022822039427163,0.0087034643840909,0.0100287908655682,0.0016890922937086,0.6103749494238523,0.1584384384384385,True
BA_n5000_s15,BA,15,snowball,0.5,15000,0.0371279572713007,0.0195004459656203,0.0046905932963938,0.044414555796857,1.4694353617004554,0.1760560560560561,True
BA_n5000_s15,BA,15,snowball,0.5,15001,0.0364256777699462,0.0225629928887817,0.0032732634594293,0.0503690781942319,1.5973888905872295,0.1750950950950951,True
BA_n5000_s15,BA,15,snowball,0.5,15004,0.0320791308971073,0.0198310602798181,0.004452623698307,0.0456150532080998,1.527585904819715,0.1686086086086086,True
BA_n5000_s15,BA,15,snowball,0.5,15005,0.0348091282089769,0.0226758439793822,0.0042787538309078,0.0494134675248532,1.6583618262882047,0.1749349349349349,True
BA_n5000_s15,BA,15,snowball,0.5,15007,0.0339975490401438,0.0296761094599718,0.0029184360215936,0.0680129838201585,2.083580297963401,0.1674874874874874,True
BA_n5000_s15,BA,15,snowball,0.5,15008,0.0372428404079176,0.022241309116018,0.0033194381139739,0.0510627705250382,1.6687012953767448,0.1817417417417417,True
BA_n5000_s15,BA,15,random_walk,0.5,15000,0.0289273808750198,0.007469101232489,0.0096211416437628,0.0079647849714552,0.4758431425499502,0.1874274274274275,True
BA_n5000_s15,BA,15,random_walk,0.5,15002,0.0274678531592759,0.0077979235407514,0.0078699439693298,0.0029321783007816,0.6267807217230851,0.1854254254254253,True
BA_n5000_s15,BA,15,random_walk,0.5,15003,0.0257301143762606,0.0082029033200903,0.0091922449963292,0.0010898198503375,0.5782457572975522,0.1721321321321321,True
BA_n5000_s15,BA,15,random_walk,0.5,15005,0.1263808453965882,0.007543821720779,0.0075146087132138,0.0064425943723966,0.4870053623126625,0.1823023023023024,True
BA_n5000_s15,BA,15,random_walk,0.5,15007,0.028539647575558,0.0070669691975815,0.0101513567539407,0.0106091935328461,0.3842376441239882,0.1842242242242243,True
BA_n5000_s15,BA,15,random_walk,0.5,15009,0.0267171596878341,0.0109179978785758,0.00847743167504,0.0009412306768908,0.5555496090469546,0.1799799799799799,True
BA_n5000_s15,BA,15,preferential_random_walk,0.5,15000,0.0217243522957451,0.0099675182669503,0.0077736345391299,0.0186867178715582,0.8164663671134689,0.1405005005005005,True
BA_n5000_s15,BA,15,preferential_random_walk,0.5,15004,0.0228839665480871,0.0124761753643594,0.0092659326183401,0.0282416277504424,0.9110164760258064,0.1348148148148148,True
BA_n5000_s15,BA,15,preferential_random_walk,0.5,15005,0.0234117871090815,0.0123594585620634,0.0059804003481542,0.0275982016455976,0.8825370052044256,0.1387387387387388,True
BA_n5000_s15,BA,15,preferential_random_walk,0.5,15006,0.0216948362480446,0.0139139028106659,0.0090509468205536,0.0255483339033637,1.08660927434681,0.1342542542542543,True
BA_n5000_s15,BA,15,preferential_random_walk,0.5,15007,0.0237920029725058,0.01361443408092,0.007278406550117,0.0270178384799172,1.0020691242702957,0.1376176176176176,True
BA_n5000_s15,BA,15,preferential_random_walk,0.5,15008,0.0193093436001116,0.0143744306182438,0.0058055329798909,0.0272036209780681,0.9220234671258456,0.1321721721721721,True
BA_n5000_s15,BA,15,preferential_random_walk,0.5,15009,0.0215242086433433,0.0113441463828125,0.0074542318188674,0.0237293593748872,0.8712715860504873,0.1390590590590591,True
BA_n5000_s15,BA,15,metropolis_hastings_rw,0.5,15000,0.0331551141685935,0.0058593763327948,0.0117909327615807,0.0576842506473115,0.1119418619149728,0.2575775775775775,True
BA_n5000_s15,BA,15,metropolis_hastings_rw,0.5,15001,0.0334852060208142,0.0090183946907782,0.0088645703328317,0.0763381759893995,0.0431517051834218,0.2746346346346346,True
BA_n5000_s15,BA,15,metropolis_hastings_rw,0.5,15003,0.0354452931766099,0.0060253170507108,0.0075462068559736,0.0726934142937629,0.0654756283038937,0.2724724724724725,True
BA_n5000_s15,BA,15,metropolis_hastings_rw,0.5,15004,0.0320512550987198,0.0053629899526591,0.0120567954935044,0.0591965643723487,0.0354185870277356,0.2644644644644645,True
BA_n5000_s15,BA,15,metropolis_hastings_rw,0.5,15005,0.0334035636304815,0.0051633461837116,0.0108306837815447,0.0561480006241975,0.203503668626785,0.2594994994994995,True
BA_n5000_s15,BA,15,metropolis_hastings_rw,0.5,15006,0.03413796133196,0.007062747022267,0.0081203088946763,0.0546608200121411,0.0004274720292658,0.2557357357357357,True
BA_n5000_s15,BA,15,metropolis_hastings_rw,0.5,15007,0.0330845906883182,0.0073278184876802,0.0118936869195173,0.049992781573716,0.1978236397060244,0.2578978978978979,True
BA_n5000_s15,BA,15,metropolis_hastings_rw,0.5,15009,0.0350761781667585,0.0060446936015693,0.0091730298426776,0.0530441992650994,0.1486067389707662,0.2598998998998999,True
WS_n5000_s15,WS,15,snowball,0.05,15000,0.4297782243431908,0.3937529124690199,0.135368473853571,0.0651610430986056,0.4153083393857345,0.58,True
WS_n5000_s15,WS,15,snowball,0.5,15002,0.2534251861333046,0.1010672102820869,0.0885190615371265,0.111121181585297,0.057790131352144,0.32704,True
WS_n5000_s15,WS,15,snowball,0.5,15006,0.2485157269067016,0.1043509301687877,0.0809132337831199,0.1098159872610456,0.0516425204506931,0.32352,True
WS_n5000_s15,WS,15,random_walk,0.5,15001,0.3982044768583764,0.0948410900982471,0.1347391528204511,0.2102366899711994,0.026007036044656,0.4008,True
WS_n5000_s15,WS,15,random_walk,0.5,15005,0.3992267641811609,0.1012736245157285,0.1318178417842972,0.2110570375896426,0.0009901878777061,0.40584,True
WS_n5000_s15,WS,15,preferential_random_walk,0.5,15003,0.3877180409513328,0.0993982858582926,0.1305548501168052,0.1998294160579103,0.0175869908736607,0.39328,True
WS_n5000_s15,WS,15,preferential_random_walk,0.5,15005,0.3955823628413952,0.0987968841217759,0.1298445146608611,0.2031334484136912,0.0028887170582422,0.3964,True
WS_n5000_s15,WS,15,metropolis_hastings_rw,0.5,15000,0.3676873948744977,0.0926090535787801,0.1262853171988143,0.1960418353775301,0.0511663567098099,0.37944,True
WS_n5000_s15,WS,15,metropolis_hastings_rw,0.5,15001,0.3671142094068037,0.0954802013464112,0.126830347952263,0.1875893935012142,0.0631788582039669,0.3732,True
WS_n5000_s15,WS,15,metropolis_hastings_rw,0.5,15003,0.3691686808663638,0.0969889276783983,0.1263785262923944,0.1924493330511142,0.0354776626899626,0.3818399999999999,True
WS_n5000_s15,WS,15,metropolis_hastings_rw,0.5,15006,0.3610413031564208,0.0915612710102293,0.1326055760002196,0.1961542485639055,0.0521016432058994,0.37672,True
WS_n5000_s15,WS,15,metropolis_hastings_rw,0.5,15008,0.3548706739479841,0.0863222806932961,0.1279337910594125,0.1962208955675325,0.1261769061225065,0.3703999999999999,True
ER_n5000_s45,ER,45,snowball,0.05,45008,0.5303463096763044,0.0147251650994782,0.0496169004784702,0.0758223012991238,5.503744162016906,0.7604414471596318,True
ER_n5000_s45,ER,45,snowball,0.05,45009,0.5142650055901216,0.0133553047326161,0.0465511617623706,0.0854736413529777,3.6631561684956506,0.7675806093303713,True
ER_n5000_s45,ER,45,random_node,0.1,45006,0.6658890626777085,0.0153828202698224,0.4692301248199373,0.0446647346896981,0.522445963686936,0.9131401935893368,True
ER_n5000_s45,ER,45,snowball,0.1,45003,0.4803870260981386,0.0187813108835066,0.0496169004906134,0.1721722738670204,7.25212532951862,0.7136402729292288,True
ER_n5000_s45,ER,45,snowball,0.1,45005,0.4861239227880664,0.0210804415216009,0.0465511617525673,0.1706178713709865,7.741300928421606,0.7140368930498254,True
ER_n5000_s45,ER,45,snowball,0.1,45008,0.4872991361205744,0.0189214908921977,0.0542528498523543,0.1760572614947227,4.092825096538985,0.7108639320850523,True
ER_n5000_s45,ER,45,snowball,0.1,45009,0.4663937026911566,0.0170098650609969,0.0550299192075335,0.1980694750853479,3.926549966688761,0.7148301332910187,True
ER_n5000_s45,ER,45,snowball,0.2,45007,0.3988247367485787,0.0142772367791735,0.060574749154885,0.1840007108233224,2.9126257566245517,0.6166666534433514,True
ER_n5000_s45,ER,45,snowball,0.2,45008,0.4028259698575683,0.015577177380745,0.0601120686143,0.188371780483986,1.752974447518445,0.6230125753728976,True
ER_n5000_s45,ER,45,preferential_random_walk,0.2,45004,0.4792674516248126,0.0091669952108773,0.3192854398026805,0.4202853192331164,0.0075102265298023,0.6337213186290066,True
ER_n5000_s45,ER,45,random_walk,0.3,45002,0.39801583982919,0.0100610950418409,0.2409336455764987,0.3130734124375346,0.0280135126228932,0.5622635935681795,True
ER_n5000_s45,ER,45,preferential_random_walk,0.5,45004,0.1676227866565364,0.0183463777145544,0.1053233637722516,0.1105767522686488,0.0270076741973325,0.3412139796889876,True
ER_n5000_s45,ER,45,preferential_random_walk,0.5,45007,0.1719476915756862,0.0032903170663668,0.1027597639723099,0.1181055916877887,0.4717535321487867,0.3520020469692161,True
ER_n5000_s45,ER,45,metropolis_hastings_rw,0.5,45002,0.2136945522103848,0.0234490978360969,0.11427589815672,0.1497395881717451,0.0062642845702217,0.3829384163757536,True
ER_n5000_s45,ER,45,metropolis_hastings_rw,0.5,45008,0.2104108700083906,0.0235951197131367,0.1157200338490028,0.1464150334955078,0.0084106141526827,0.3811932878451284,True
BA_n5000_s45,BA,45,random_node,0.05,45008,0.6618302547395569,0.0586868199163806,0.0078848778255597,0.1596676362889162,0.0037108399842805,0.9431431431431432,True
BA_n5000_s45,BA,45,random_node,0.1,45003,0.6381886591286592,0.0595188309912717,0.0053475059366599,0.4074781350604454,0.412735195240444,0.8966966966966967,True
BA_n5000_s45,BA,45,random_edge,0.5,45000,0.0241385621282425,0.0115952063813004,0.0079257055361523,0.0055037144673051,0.730632810515542,0.1642842842842842,True
BA_n5000_s45,BA,45,random_edge,0.5,45001,0.0246452069737068,0.0112436802105267,0.0071126848279964,0.0034562761247518,0.514284697788826,0.1794194194194194,True
BA_n5000_s45,BA,45,random_edge,0.5,45003,0.0249438561795667,0.0103250994641426,0.0085081042376815,0.000951018107563,0.6043486235831195,0.17758622276815,True
BA_n5000_s45,BA,45,random_edge,0.5,45004,0.0241597859832244,0.0103300159474028,0.007255551795369,0.0008671390882922,0.5725966424878907,0.172052052052052,True
BA_n5000_s45,BA,45,random_edge,0.5,45005,0.0239835259619679,0.0105141043636166,0.008883358044334,2.2087537201556776e-06,0.4563443723955571,0.1712624259605467,True
BA_n5000_s45,BA,45,random_edge,0.5,45006,0.0243826637820364,0.008168157249241,0.0082531476549358,0.0072433575024988,0.4813112285560383,0.1865516055839927,True
BA_n5000_s45,BA,45,random_edge,0.5,45007,0.0233730594877731,0.0116426872821279,0.0077933353842914,0.0043591298248862,0.5280612123096902,0.1636436436436436,True
BA_n5000_s45,BA,45,random_edge,0.5,45009,0.0250630460750002,0.0093500797303305,0.0074020472616087,0.0012370875920118,0.5369679709315875,0.1783867033767073,True
BA_n5000_s45,BA,45,snowball,0.5,45000,0.0321737543132801,0.0244868284560278,0.0037302768185846,0.0525206598564999,1.624160284635356,0.1681281281281282,True
BA_n5000_s45,BA,45,snowball,0.5,45003,0.0330271187116271,0.0291029210759381,0.0032597901297172,0.0652984553956593,1.8425101305100944,0.1636436436436436,True
BA_n5000_s45,BA,45,snowball,0.5,45006,0.0311474077727805,0.0288898402838904,0.003403412458359,0.0552104014619649,1.82301356731584,0.1718118118118118,True
BA_n5000_s45,BA,45,snowball,0.5,45008,0.0317218421415564,0.0261628571794161,0.0044238608367253,0.0495565169816282,1.7260056397819887,0.1696496496496497,True
BA_n5000_s45,BA,45,random_walk,0.5,45000,0.0249720285078035,0.0103236997726924,0.0077374355501328,0.005035583262598,0.4696344174231459,0.1847047047047047,True
BA_n5000_s45,BA,45,random_walk,0.5,45001,0.0266767274676849,0.0089345440086084,0.0080496190225747,0.0053973905199387,0.38961857881823,0.188068068068068,True
BA_n5000_s45,BA,45,random_walk,0.5,45002,0.0239212899799717,0.0114518653371062,0.007523138429396,0.001405511979126,0.5396721539320717,0.1717317317317317,True
BA_n5000_s45,BA,45,random_walk,0.5,45003,0.0256176306720805,0.009843169491041,0.0080929343909178,0.0062373925222493,0.5300404395274109,0.1892692692692693,True
BA_n5000_s45,BA,45,random_walk,0.5,45004,0.0211806729454154,0.011616793280758,0.0079301175455447,0.0017272589210418,0.585644335870898,0.1677277277277278,True
BA_n5000_s45,BA,45,random_walk,0.5,45005,0.0245150366227177,0.0110827343201144,0.0078643138239394,0.0045504661848983,0.4487301482289096,0.1765365365365365,True
BA_n5000_s45,BA,45,random_walk,0.5,45007,0.024404915741501,0.0109072331737063,0.0066190683418654,0.0037183094930146,0.5012220060066882,0.180940940940941,True
BA_n5000_s45,BA,45,random_walk,0.5,45008,0.0256921033318999,0.0111104728865141,0.0076400120357569,0.0031988576449755,0.4589334419706923,0.175015015015015,True
BA_n5000_s45,BA,45,preferential_random_walk,0.5,45000,0.0188891634625003,0.0140153312478035,0.0066391800823236,0.0257031736704356,0.9006132091172904,0.1365765765765765,True
BA_n5000_s45,BA,45,preferential_random_walk,0.5,45001,0.0178642440157818,0.0144611048467043,0.0074386003142004,0.0224182037479833,0.9195335723700292,0.1380980980980981,True
BA_n5000_s45,BA,45,preferential_random_walk,0.5,45002,0.0204488826570716,0.0150266150706327,0.00492933350165,0.025887123125507,0.9258289243708048,0.1412212212212212,True
BA_n5000_s45,BA,45,preferential_random_walk,0.5,45003,0.0212742360509776,0.0147396883081936,0.006021410874676,0.0270391838872741,0.9303677709333412,0.1421821821821822,True
BA_n5000_s45,BA,45,preferential_random_walk,0.5,45004,0.0181753463877493,0.0181006292554241,0.0051453552522482,0.0274917198522591,1.093078149127381,0.1340940940940941,True
BA_n5000_s45,BA,45,preferential_random_walk,0.5,45005,0.0189601669080704,0.0142503736891152,0.0065322460158422,0.0235949080142682,0.9242557650453708,0.1376176176176176,True
BA_n5000_s45,BA,45,preferential_random_walk,0.5,45006,0.0212726715823972,0.0166638811073171,0.0069711100676916,0.0216800984834542,1.098556252391375,0.1501101101101102,True
BA_n5000_s45,BA,45,preferential_random_walk,0.5,45009,0.0173778108738084,0.0160945589449589,0.006005659915504,0.0250150014993305,0.8573140735751585,0.1362562562562562,True
BA_n5000_s45,BA,45,metropolis_hastings_rw,0.5,45000,0.0299665051468328,0.0084155861353485,0.0085877968699112,0.0456269425187454,0.1306366996141191,0.2478078078078078,True
BA_n5000_s45,BA,45,metropolis_hastings_rw,0.5,45002,0.0210828144831306,0.007672642196291,0.010737564811734,0.0651286305827189,0.0879777817439378,0.2703903903903903,True
BA_n5000_s45,BA,45,metropolis_hastings_rw,0.5,45005,0.0295096654507983,0.0082708879922347,0.008292469927793,0.0533966610723675,0.0998165579031614,0.2563763763763764,True
BA_n5000_s45,BA,45,metropolis_hastings_rw,0.5,45009,0.0303090167469657,0.0092398755492041,0.0087144894153122,0.0563779713324089,0.0378838668488361,0.2573373373373373,True
WS_n5000_s45,WS,45,snowball,0.05,45001,0.4173734955330213,0.37178905232515,0.1084868260980567,0.1020989254396155,0.5363526351746395,0.5744,True
WS_n5000_s45,WS,45,snowball,0.05,45005,0.4488345960542396,0.4226283470412986,0.0797725248443438,0.1646301754049677,0.4276969742698487,0.6056,True
WS_n5000_s45,WS,45,snowball,0.05,45009,0.4154886119613031,0.3829729836359584,0.1102317213207185,0.0628805198139631,0.3192949768982868,0.5871999999999999,True
WS_n5000_s45,WS,45,random_edge,0.1,45000,0.6914930141565341,0.5760333385620426,0.0781738848685117,2.8799502156684955,0.2099094368686755,0.8024000000000001,True
WS_n5000_s45,WS,45,snowball,0.2,45005,0.384367267098688,0.2955328243176333,0.0656466533450063,0.1956410279242056,0.359286346997988,0.504,True
WS_n5000_s45,WS,45,snowball,0.5,45000,0.2413415684888655,0.1102432208171981,0.0916809380884552,0.1217166112621182,0.0619926789790517,0.328,True
WS_n5000_s45,WS,45,snowball,0.5,45002,0.2361859702716817,0.1064514831867431,0.0941240255076932,0.1203819516474621,0.0833055447183686,0.3184,True
WS_n5000_s45,WS,45,snowball,0.5,45009,0.2433911420295856,0.1016344551722719,0.0864661586030814,0.110693046602174,0.0568077840919553,0.31792,True
WS_n5000_s45,WS,45,random_walk,0.5,45000,0.3880447468174511,0.1029627851624236,0.1340643142655386,0.2101967971200873,0.004089679017931,0.3988,True
WS_n5000_s45,WS,45,preferential_random_walk,0.5,45005,0.3900071690160147,0.1038649942699033,0.1364073237284922,0.1911987845925161,0.0068456087395235,0.3954399999999999,True
WS_n5000_s45,WS,45,preferential_random_walk,0.5,45006,0.3918125747575848,0.0988017193885185,0.1377316293881658,0.2025480516356982,0.0284768137198346,0.3952799999999999,True
WS_n5000_s45,WS,45,preferential_random_walk,0.5,45009,0.4045036408530259,0.1035505038677853,0.1375180219325992,0.1979615627412862,0.0100337553978853,0.4041599999999999,True
WS_n5000_s45,WS,45,metropolis_hastings_rw,0.5,45005,0.361490741986644,0.0879318124167344,0.1355190661474528,0.1895515336594148,0.0299538375876358,0.37592,True
WS_n5000_s45,WS,45,metropolis_hastings_rw,0.5,45008,0.3507096688937032,0.0863663786472527,0.1276400549025323,0.1864488898879738,0.0778501367355934,0.3712799999999999,True
